[{"id":1,"employee_name":"Rudie","date":"8/20/2022","department":"Sales","expirey_time":"17:38","in_time":"1:33 AM","out_time":"5:25 PM"},
{"id":2,"employee_name":"Hasheem","date":"10/30/2022","department":"Legal","expirey_time":"6:20","in_time":"9:45 AM","out_time":"11:21 AM"},
{"id":3,"employee_name":"Care","date":"11/2/2022","department":"Sales","expirey_time":"1:32","in_time":"4:05 AM","out_time":"4:27 PM"},
{"id":4,"employee_name":"Carlos","date":"7/31/2022","department":"Sales","expirey_time":"8:53","in_time":"8:30 AM","out_time":"6:23 AM"},
{"id":5,"employee_name":"Kass","date":"2/23/2022","department":"Training","expirey_time":"7:53","in_time":"2:14 AM","out_time":"7:58 PM"},
{"id":6,"employee_name":"Keven","date":"4/28/2022","department":"Support","expirey_time":"12:12","in_time":"6:39 AM","out_time":"5:00 AM"},
{"id":7,"employee_name":"Iona","date":"10/12/2022","department":"Accounting","expirey_time":"4:59","in_time":"10:10 AM","out_time":"12:33 AM"},
{"id":8,"employee_name":"Ettie","date":"5/31/2022","department":"Human Resources","expirey_time":"17:55","in_time":"5:57 AM","out_time":"1:16 AM"},
{"id":9,"employee_name":"Aubrie","date":"1/26/2022","department":"Services","expirey_time":"15:57","in_time":"8:47 AM","out_time":"7:55 PM"},
{"id":10,"employee_name":"Tandy","date":"6/30/2022","department":"Marketing","expirey_time":"13:03","in_time":"4:33 PM","out_time":"8:32 AM"},
{"id":11,"employee_name":"Virginie","date":"2/22/2022","department":"Training","expirey_time":"8:20","in_time":"11:51 PM","out_time":"3:32 PM"},
{"id":12,"employee_name":"Lion","date":"6/29/2022","department":"Training","expirey_time":"2:28","in_time":"10:33 PM","out_time":"8:14 AM"},
{"id":13,"employee_name":"Bentlee","date":"12/25/2022","department":"Accounting","expirey_time":"0:03","in_time":"9:02 AM","out_time":"10:23 PM"},
{"id":14,"employee_name":"Andrew","date":"5/10/2022","department":"Legal","expirey_time":"0:31","in_time":"8:48 AM","out_time":"2:27 PM"},
{"id":15,"employee_name":"Clerkclaude","date":"1/25/2022","department":"Sales","expirey_time":"17:29","in_time":"10:22 PM","out_time":"1:19 AM"},
{"id":16,"employee_name":"Gordy","date":"6/28/2022","department":"Human Resources","expirey_time":"9:33","in_time":"1:29 PM","out_time":"10:24 PM"},
{"id":17,"employee_name":"Kerry","date":"1/12/2022","department":"Research and Development","expirey_time":"5:42","in_time":"7:46 AM","out_time":"1:47 AM"},
{"id":18,"employee_name":"Irina","date":"6/28/2022","department":"Accounting","expirey_time":"7:36","in_time":"3:18 AM","out_time":"10:56 PM"},
{"id":19,"employee_name":"Haley","date":"4/27/2022","department":"Research and Development","expirey_time":"1:46","in_time":"11:23 PM","out_time":"6:08 PM"},
{"id":20,"employee_name":"Norean","date":"12/1/2022","department":"Services","expirey_time":"4:23","in_time":"7:29 AM","out_time":"12:44 AM"},
{"id":21,"employee_name":"Molly","date":"12/21/2022","department":"Legal","expirey_time":"0:30","in_time":"6:33 PM","out_time":"11:40 PM"},
{"id":22,"employee_name":"Adrienne","date":"10/6/2022","department":"Engineering","expirey_time":"13:25","in_time":"3:52 AM","out_time":"4:36 PM"},
{"id":23,"employee_name":"Blondy","date":"12/20/2022","department":"Legal","expirey_time":"19:29","in_time":"10:13 AM","out_time":"7:00 PM"},
{"id":24,"employee_name":"Ardella","date":"6/15/2022","department":"Training","expirey_time":"9:44","in_time":"11:34 AM","out_time":"11:42 PM"},
{"id":25,"employee_name":"Tillie","date":"9/24/2022","department":"Sales","expirey_time":"5:05","in_time":"10:40 PM","out_time":"5:01 PM"},
{"id":26,"employee_name":"Avrom","date":"6/22/2022","department":"Product Management","expirey_time":"12:14","in_time":"3:03 AM","out_time":"10:41 PM"},
{"id":27,"employee_name":"Dodi","date":"12/4/2022","department":"Human Resources","expirey_time":"1:38","in_time":"2:34 AM","out_time":"1:16 AM"},
{"id":28,"employee_name":"Hayley","date":"6/13/2022","department":"Training","expirey_time":"16:12","in_time":"1:43 PM","out_time":"12:56 AM"},
{"id":29,"employee_name":"Elise","date":"8/4/2022","department":"Training","expirey_time":"19:28","in_time":"3:35 PM","out_time":"10:16 PM"},
{"id":30,"employee_name":"Madelle","date":"9/17/2022","department":"Legal","expirey_time":"7:34","in_time":"4:01 AM","out_time":"11:54 PM"},
{"id":31,"employee_name":"Gretel","date":"3/27/2022","department":"Legal","expirey_time":"4:24","in_time":"2:45 AM","out_time":"1:36 AM"},
{"id":32,"employee_name":"Gareth","date":"4/28/2022","department":"Engineering","expirey_time":"12:50","in_time":"4:43 AM","out_time":"4:28 PM"},
{"id":33,"employee_name":"Kienan","date":"10/10/2022","department":"Sales","expirey_time":"17:04","in_time":"9:55 PM","out_time":"8:41 AM"},
{"id":34,"employee_name":"Neda","date":"12/14/2021","department":"Engineering","expirey_time":"1:55","in_time":"9:01 AM","out_time":"2:20 AM"},
{"id":35,"employee_name":"Correna","date":"3/31/2022","department":"Engineering","expirey_time":"20:15","in_time":"11:23 PM","out_time":"12:47 AM"},
{"id":36,"employee_name":"Christa","date":"3/26/2022","department":"Product Management","expirey_time":"20:58","in_time":"4:46 PM","out_time":"6:21 PM"},
{"id":37,"employee_name":"Ulysses","date":"5/31/2022","department":"Support","expirey_time":"18:58","in_time":"6:49 AM","out_time":"6:36 AM"},
{"id":38,"employee_name":"Alanah","date":"4/25/2022","department":"Product Management","expirey_time":"4:45","in_time":"7:57 PM","out_time":"12:43 PM"},
{"id":39,"employee_name":"Leora","date":"12/23/2022","department":"Marketing","expirey_time":"9:26","in_time":"5:22 AM","out_time":"11:50 PM"},
{"id":40,"employee_name":"Lesley","date":"11/6/2022","department":"Training","expirey_time":"19:39","in_time":"4:40 AM","out_time":"2:24 PM"},
{"id":41,"employee_name":"Tab","date":"12/5/2022","department":"Services","expirey_time":"4:31","in_time":"5:34 AM","out_time":"3:18 AM"},
{"id":42,"employee_name":"Kathi","date":"6/14/2022","department":"Accounting","expirey_time":"16:14","in_time":"8:14 PM","out_time":"12:45 AM"},
{"id":43,"employee_name":"Hannie","date":"9/1/2022","department":"Product Management","expirey_time":"21:17","in_time":"6:16 PM","out_time":"9:49 AM"},
{"id":44,"employee_name":"Hedy","date":"1/26/2022","department":"Product Management","expirey_time":"7:51","in_time":"6:15 PM","out_time":"3:01 PM"},
{"id":45,"employee_name":"Erskine","date":"1/1/2023","department":"Human Resources","expirey_time":"18:03","in_time":"1:37 AM","out_time":"3:08 AM"},
{"id":46,"employee_name":"Haywood","date":"10/17/2022","department":"Support","expirey_time":"15:46","in_time":"10:48 PM","out_time":"4:42 PM"},
{"id":47,"employee_name":"Frasier","date":"12/9/2021","department":"Engineering","expirey_time":"20:50","in_time":"10:03 AM","out_time":"2:32 PM"},
{"id":48,"employee_name":"Gavan","date":"2/15/2022","department":"Accounting","expirey_time":"5:04","in_time":"7:04 AM","out_time":"7:41 PM"},
{"id":49,"employee_name":"Anica","date":"2/3/2022","department":"Human Resources","expirey_time":"21:00","in_time":"7:40 AM","out_time":"11:44 PM"},
{"id":50,"employee_name":"Kelcey","date":"7/25/2022","department":"Human Resources","expirey_time":"23:00","in_time":"8:34 AM","out_time":"12:44 PM"},
{"id":51,"employee_name":"Charlotta","date":"12/9/2022","department":"Services","expirey_time":"21:05","in_time":"6:33 AM","out_time":"2:51 AM"},
{"id":52,"employee_name":"Matias","date":"12/17/2022","department":"Marketing","expirey_time":"14:50","in_time":"4:32 AM","out_time":"12:50 PM"},
{"id":53,"employee_name":"Casar","date":"9/11/2022","department":"Business Development","expirey_time":"8:42","in_time":"2:20 AM","out_time":"12:56 AM"},
{"id":54,"employee_name":"Kania","date":"8/27/2022","department":"Engineering","expirey_time":"17:36","in_time":"3:57 AM","out_time":"9:55 PM"},
{"id":55,"employee_name":"Alasdair","date":"12/6/2022","department":"Human Resources","expirey_time":"8:40","in_time":"7:50 AM","out_time":"7:34 AM"},
{"id":56,"employee_name":"Michaela","date":"10/7/2022","department":"Training","expirey_time":"2:36","in_time":"8:54 AM","out_time":"10:56 PM"},
{"id":57,"employee_name":"Alessandro","date":"1/17/2022","department":"Training","expirey_time":"21:19","in_time":"2:10 AM","out_time":"10:49 PM"},
{"id":58,"employee_name":"Rogerio","date":"2/5/2022","department":"Human Resources","expirey_time":"13:59","in_time":"12:22 AM","out_time":"1:01 PM"},
{"id":59,"employee_name":"Truman","date":"10/8/2022","department":"Services","expirey_time":"20:34","in_time":"12:22 AM","out_time":"11:58 AM"},
{"id":60,"employee_name":"Zebadiah","date":"6/22/2022","department":"Engineering","expirey_time":"20:22","in_time":"1:01 PM","out_time":"6:21 AM"},
{"id":61,"employee_name":"Edward","date":"8/6/2022","department":"Business Development","expirey_time":"16:11","in_time":"7:18 AM","out_time":"11:16 AM"},
{"id":62,"employee_name":"Bernhard","date":"2/12/2022","department":"Accounting","expirey_time":"5:29","in_time":"2:21 AM","out_time":"10:19 PM"},
{"id":63,"employee_name":"Retha","date":"2/13/2022","department":"Training","expirey_time":"8:18","in_time":"11:11 PM","out_time":"7:33 PM"},
{"id":64,"employee_name":"Lyndy","date":"4/23/2022","department":"Support","expirey_time":"11:49","in_time":"11:24 PM","out_time":"5:48 AM"},
{"id":65,"employee_name":"Lanette","date":"12/5/2021","department":"Engineering","expirey_time":"2:07","in_time":"8:57 PM","out_time":"11:15 AM"},
{"id":66,"employee_name":"Clem","date":"1/4/2022","department":"Training","expirey_time":"6:00","in_time":"11:01 PM","out_time":"7:01 PM"},
{"id":67,"employee_name":"Tessie","date":"1/13/2022","department":"Human Resources","expirey_time":"23:05","in_time":"2:11 AM","out_time":"10:45 PM"},
{"id":68,"employee_name":"Gennifer","date":"12/17/2022","department":"Product Management","expirey_time":"14:17","in_time":"6:04 AM","out_time":"2:33 PM"},
{"id":69,"employee_name":"Toby","date":"6/19/2022","department":"Engineering","expirey_time":"6:34","in_time":"3:11 PM","out_time":"12:28 PM"},
{"id":70,"employee_name":"Cort","date":"5/16/2022","department":"Engineering","expirey_time":"18:20","in_time":"2:13 AM","out_time":"1:00 PM"},
{"id":71,"employee_name":"Lew","date":"12/7/2021","department":"Human Resources","expirey_time":"7:48","in_time":"4:19 AM","out_time":"5:28 PM"},
{"id":72,"employee_name":"Wallas","date":"3/13/2022","department":"Training","expirey_time":"15:07","in_time":"4:37 PM","out_time":"7:36 AM"},
{"id":73,"employee_name":"Kurt","date":"1/10/2022","department":"Services","expirey_time":"21:43","in_time":"11:48 AM","out_time":"2:44 AM"},
{"id":74,"employee_name":"Wittie","date":"4/21/2022","department":"Training","expirey_time":"14:32","in_time":"6:14 AM","out_time":"3:22 AM"},
{"id":75,"employee_name":"Lonnie","date":"1/31/2022","department":"Marketing","expirey_time":"0:31","in_time":"8:59 AM","out_time":"12:29 PM"},
{"id":76,"employee_name":"Karim","date":"11/18/2022","department":"Engineering","expirey_time":"4:03","in_time":"2:32 AM","out_time":"11:35 PM"},
{"id":77,"employee_name":"Burton","date":"10/23/2022","department":"Business Development","expirey_time":"23:07","in_time":"5:48 AM","out_time":"3:51 PM"},
{"id":78,"employee_name":"Reynard","date":"9/1/2022","department":"Business Development","expirey_time":"20:10","in_time":"5:35 PM","out_time":"4:28 PM"},
{"id":79,"employee_name":"Carroll","date":"12/7/2022","department":"Sales","expirey_time":"0:57","in_time":"11:30 AM","out_time":"11:58 PM"},
{"id":80,"employee_name":"Jobyna","date":"12/23/2021","department":"Product Management","expirey_time":"17:45","in_time":"8:51 PM","out_time":"12:29 PM"},
{"id":81,"employee_name":"Maure","date":"4/22/2022","department":"Business Development","expirey_time":"21:48","in_time":"1:24 AM","out_time":"3:14 AM"},
{"id":82,"employee_name":"Ellsworth","date":"12/7/2021","department":"Support","expirey_time":"16:13","in_time":"6:46 PM","out_time":"12:13 PM"},
{"id":83,"employee_name":"Eb","date":"11/16/2022","department":"Product Management","expirey_time":"19:17","in_time":"12:54 AM","out_time":"11:55 PM"},
{"id":84,"employee_name":"Nolan","date":"12/14/2022","department":"Support","expirey_time":"1:15","in_time":"3:20 AM","out_time":"1:29 AM"},
{"id":85,"employee_name":"Jamill","date":"1/20/2022","department":"Marketing","expirey_time":"5:40","in_time":"10:25 AM","out_time":"8:29 AM"},
{"id":86,"employee_name":"Wilow","date":"3/4/2022","department":"Engineering","expirey_time":"16:12","in_time":"3:49 AM","out_time":"5:14 AM"},
{"id":87,"employee_name":"Valentine","date":"9/9/2022","department":"Human Resources","expirey_time":"18:51","in_time":"9:47 AM","out_time":"11:25 AM"},
{"id":88,"employee_name":"Freida","date":"10/2/2022","department":"Research and Development","expirey_time":"8:22","in_time":"12:59 PM","out_time":"11:47 AM"},
{"id":89,"employee_name":"Linus","date":"12/22/2021","department":"Support","expirey_time":"13:04","in_time":"12:34 AM","out_time":"1:31 AM"},
{"id":90,"employee_name":"Merrielle","date":"8/27/2022","department":"Marketing","expirey_time":"5:40","in_time":"5:25 PM","out_time":"10:43 PM"},
{"id":91,"employee_name":"Tersina","date":"5/17/2022","department":"Human Resources","expirey_time":"6:19","in_time":"6:31 AM","out_time":"8:10 AM"},
{"id":92,"employee_name":"Ivan","date":"9/23/2022","department":"Accounting","expirey_time":"19:34","in_time":"3:31 PM","out_time":"8:09 PM"},
{"id":93,"employee_name":"Arluene","date":"4/4/2022","department":"Business Development","expirey_time":"13:05","in_time":"1:50 AM","out_time":"4:38 PM"},
{"id":94,"employee_name":"Ernestine","date":"3/10/2022","department":"Training","expirey_time":"16:20","in_time":"8:27 PM","out_time":"3:43 PM"},
{"id":95,"employee_name":"Mandie","date":"9/28/2022","department":"Support","expirey_time":"5:48","in_time":"12:34 PM","out_time":"11:19 AM"},
{"id":96,"employee_name":"Abbie","date":"5/14/2022","department":"Research and Development","expirey_time":"2:54","in_time":"3:35 PM","out_time":"2:31 AM"},
{"id":97,"employee_name":"Beth","date":"9/20/2022","department":"Engineering","expirey_time":"13:58","in_time":"6:09 PM","out_time":"12:43 PM"},
{"id":98,"employee_name":"Aindrea","date":"12/19/2021","department":"Research and Development","expirey_time":"16:59","in_time":"7:42 PM","out_time":"1:48 PM"},
{"id":99,"employee_name":"Chrystal","date":"12/15/2022","department":"Services","expirey_time":"17:46","in_time":"10:33 AM","out_time":"6:25 AM"},
{"id":100,"employee_name":"Ketti","date":"1/16/2022","department":"Research and Development","expirey_time":"23:56","in_time":"4:36 AM","out_time":"10:39 AM"}]