[{"id":1,"employee_name":"Tate","date":"8/21/2022","emp_id":"507-27-9691","start_time":"2:26 AM","end_time":"10:52 AM","address":"Chennai","attandance":"Present"},
{"id":2,"employee_name":"Shandy","date":"2/24/2022","emp_id":"564-99-4588","start_time":"3:25 PM","end_time":"10:15 PM","address":"Chennai","attandance":"Present"},
{"id":3,"employee_name":"Valenka","date":"6/27/2022","emp_id":"468-44-4292","start_time":"4:01 AM","end_time":"1:00 AM","address":"Chennai","attandance":"Absent"},
{"id":4,"employee_name":"Dalston","date":"12/16/2021","emp_id":"207-97-4160","start_time":"5:20 PM","end_time":"11:10 AM","address":"Chennai","attandance":"Absent"},
{"id":5,"employee_name":"Tiphanie","date":"12/16/2021","emp_id":"297-96-1105","start_time":"4:20 PM","end_time":"8:45 PM","address":"Chennai","attandance":"Present"},
{"id":6,"employee_name":"Peri","date":"3/1/2022","emp_id":"289-02-3164","start_time":"4:49 PM","end_time":"9:46 AM","address":"Chennai","attandance":"Absent"},
{"id":7,"employee_name":"Theodor","date":"5/28/2022","emp_id":"144-89-5486","start_time":"10:47 PM","end_time":"9:12 AM","address":"Chennai","attandance":"Present"},
{"id":8,"employee_name":"Marinna","date":"2/12/2022","emp_id":"853-96-2354","start_time":"12:28 AM","end_time":"11:37 AM","address":"Chennai","attandance":"Absent"},
{"id":9,"employee_name":"Bobbie","date":"11/20/2022","emp_id":"701-95-2574","start_time":"8:18 AM","end_time":"12:59 AM","address":"Chennai","attandance":"Absent"},
{"id":10,"employee_name":"Verney","date":"7/5/2022","emp_id":"381-29-1408","start_time":"5:22 PM","end_time":"12:20 AM","address":"Chennai","attandance":"Absent"},
{"id":11,"employee_name":"Levi","date":"9/1/2022","emp_id":"330-17-7669","start_time":"7:55 PM","end_time":"12:00 PM","address":"Chennai","attandance":"Absent"},
{"id":12,"employee_name":"Joyce","date":"3/15/2022","emp_id":"600-93-7338","start_time":"2:04 AM","end_time":"11:28 PM","address":"Chennai","attandance":"Absent"},
{"id":13,"employee_name":"Alon","date":"4/25/2022","emp_id":"303-38-2659","start_time":"6:49 PM","end_time":"8:54 PM","address":"Chennai","attandance":"Present"},
{"id":14,"employee_name":"Teresita","date":"2/25/2022","emp_id":"418-43-9801","start_time":"1:47 AM","end_time":"1:57 AM","address":"Chennai","attandance":"Absent"},
{"id":15,"employee_name":"Rosy","date":"11/10/2022","emp_id":"877-85-4654","start_time":"12:01 AM","end_time":"12:53 PM","address":"Chennai","attandance":"Present"},
{"id":16,"employee_name":"Milissent","date":"11/27/2022","emp_id":"305-20-7096","start_time":"11:45 AM","end_time":"1:51 AM","address":"Chennai","attandance":"Absent"},
{"id":17,"employee_name":"Lancelot","date":"1/3/2023","emp_id":"663-27-9080","start_time":"1:21 PM","end_time":"4:18 PM","address":"Chennai","attandance":"Absent"},
{"id":18,"employee_name":"Glynis","date":"10/21/2022","emp_id":"405-57-6586","start_time":"10:25 PM","end_time":"12:18 AM","address":"Chennai","attandance":"Present"},
{"id":19,"employee_name":"Hilario","date":"1/1/2023","emp_id":"159-87-1357","start_time":"3:58 PM","end_time":"3:03 AM","address":"Chennai","attandance":"Absent"},
{"id":20,"employee_name":"Crawford","date":"6/3/2022","emp_id":"715-64-3174","start_time":"5:27 AM","end_time":"12:15 AM","address":"Chennai","attandance":"Absent"},
{"id":21,"employee_name":"Wandis","date":"1/28/2022","emp_id":"376-84-2524","start_time":"8:30 AM","end_time":"1:09 AM","address":"Chennai","attandance":"Present"},
{"id":22,"employee_name":"Matthiew","date":"1/6/2022","emp_id":"861-27-6260","start_time":"6:07 PM","end_time":"11:54 AM","address":"Chennai","attandance":"Present"},
{"id":23,"employee_name":"Marys","date":"2/9/2022","emp_id":"366-55-5096","start_time":"6:01 AM","end_time":"9:52 AM","address":"Chennai","attandance":"Present"},
{"id":24,"employee_name":"Pascale","date":"6/12/2022","emp_id":"418-61-8876","start_time":"2:55 AM","end_time":"6:58 PM","address":"Chennai","attandance":"Absent"},
{"id":25,"employee_name":"Abramo","date":"5/17/2022","emp_id":"263-40-2139","start_time":"2:08 PM","end_time":"3:23 AM","address":"Chennai","attandance":"Absent"},
{"id":26,"employee_name":"Thorny","date":"9/22/2022","emp_id":"753-52-5610","start_time":"8:12 PM","end_time":"2:41 AM","address":"Chennai","attandance":"Present"},
{"id":27,"employee_name":"Consolata","date":"10/31/2022","emp_id":"442-30-7712","start_time":"12:20 PM","end_time":"6:23 AM","address":"Chennai","attandance":"Absent"},
{"id":28,"employee_name":"Kath","date":"2/4/2022","emp_id":"747-22-3749","start_time":"4:52 PM","end_time":"1:43 AM","address":"Chennai","attandance":"Absent"},
{"id":29,"employee_name":"Zacharia","date":"7/21/2022","emp_id":"745-81-8128","start_time":"5:06 AM","end_time":"6:12 PM","address":"Chennai","attandance":"Present"},
{"id":30,"employee_name":"Caddric","date":"3/6/2022","emp_id":"597-59-7860","start_time":"6:34 AM","end_time":"8:57 AM","address":"Chennai","attandance":"Present"},
{"id":31,"employee_name":"Hodge","date":"7/16/2022","emp_id":"262-24-7064","start_time":"2:09 PM","end_time":"9:28 AM","address":"Chennai","attandance":"Absent"},
{"id":32,"employee_name":"Aile","date":"4/11/2022","emp_id":"468-19-5029","start_time":"4:11 AM","end_time":"3:43 PM","address":"Chennai","attandance":"Present"},
{"id":33,"employee_name":"Sonnnie","date":"6/18/2022","emp_id":"237-97-4417","start_time":"8:56 AM","end_time":"11:26 PM","address":"Chennai","attandance":"Absent"},
{"id":34,"employee_name":"Ragnar","date":"1/30/2022","emp_id":"510-38-0812","start_time":"3:19 PM","end_time":"8:28 PM","address":"Chennai","attandance":"Absent"},
{"id":35,"employee_name":"Jarret","date":"12/8/2021","emp_id":"300-10-2139","start_time":"9:20 PM","end_time":"9:57 PM","address":"Chennai","attandance":"Absent"},
{"id":36,"employee_name":"Marylin","date":"3/24/2022","emp_id":"195-63-1110","start_time":"11:44 AM","end_time":"1:11 PM","address":"Chennai","attandance":"Present"},
{"id":37,"employee_name":"Teddie","date":"3/5/2022","emp_id":"149-61-0174","start_time":"8:14 AM","end_time":"12:45 PM","address":"Chennai","attandance":"Absent"},
{"id":38,"employee_name":"Cherida","date":"7/1/2022","emp_id":"336-87-1305","start_time":"5:51 AM","end_time":"5:06 PM","address":"Chennai","attandance":"Present"},
{"id":39,"employee_name":"Karola","date":"5/16/2022","emp_id":"308-18-9752","start_time":"7:56 AM","end_time":"6:35 PM","address":"Chennai","attandance":"Present"},
{"id":40,"employee_name":"Mirabelle","date":"5/14/2022","emp_id":"764-64-6395","start_time":"8:30 AM","end_time":"6:22 PM","address":"Chennai","attandance":"Absent"},
{"id":41,"employee_name":"Alden","date":"5/16/2022","emp_id":"264-80-7033","start_time":"6:17 AM","end_time":"1:29 PM","address":"Chennai","attandance":"Present"},
{"id":42,"employee_name":"Stafford","date":"3/22/2022","emp_id":"135-91-2242","start_time":"12:19 AM","end_time":"7:01 PM","address":"Chennai","attandance":"Absent"},
{"id":43,"employee_name":"Elisha","date":"4/3/2022","emp_id":"273-07-0818","start_time":"2:56 AM","end_time":"5:42 AM","address":"Chennai","attandance":"Absent"},
{"id":44,"employee_name":"Findley","date":"4/8/2022","emp_id":"593-43-0884","start_time":"6:06 AM","end_time":"1:04 AM","address":"Chennai","attandance":"Present"},
{"id":45,"employee_name":"Audrey","date":"4/11/2022","emp_id":"893-97-6595","start_time":"1:46 PM","end_time":"6:32 AM","address":"Chennai","attandance":"Present"},
{"id":46,"employee_name":"Elsi","date":"6/23/2022","emp_id":"117-94-6598","start_time":"8:32 AM","end_time":"4:53 PM","address":"Chennai","attandance":"Absent"},
{"id":47,"employee_name":"Maggee","date":"2/5/2022","emp_id":"832-69-4536","start_time":"9:40 PM","end_time":"10:51 PM","address":"Chennai","attandance":"Absent"},
{"id":48,"employee_name":"Konstantine","date":"12/28/2021","emp_id":"313-99-3827","start_time":"12:51 AM","end_time":"9:47 AM","address":"Chennai","attandance":"Absent"},
{"id":49,"employee_name":"Hilario","date":"10/6/2022","emp_id":"285-25-4222","start_time":"8:04 AM","end_time":"10:17 PM","address":"Chennai","attandance":"Absent"},
{"id":50,"employee_name":"Nannette","date":"12/18/2022","emp_id":"414-54-3201","start_time":"11:52 AM","end_time":"11:19 PM","address":"Chennai","attandance":"Absent"},
{"id":51,"employee_name":"Kaia","date":"1/1/2022","emp_id":"693-23-2213","start_time":"2:54 PM","end_time":"11:09 AM","address":"Chennai","attandance":"Absent"},
{"id":52,"employee_name":"Dianna","date":"10/4/2022","emp_id":"202-61-4967","start_time":"5:25 PM","end_time":"5:44 AM","address":"Chennai","attandance":"Absent"},
{"id":53,"employee_name":"Zorine","date":"6/24/2022","emp_id":"791-70-1850","start_time":"3:45 AM","end_time":"7:47 PM","address":"Chennai","attandance":"Present"},
{"id":54,"employee_name":"Ruthann","date":"5/21/2022","emp_id":"218-75-8344","start_time":"12:25 AM","end_time":"12:12 PM","address":"Chennai","attandance":"Absent"},
{"id":55,"employee_name":"Kaja","date":"2/14/2022","emp_id":"359-15-9348","start_time":"11:45 PM","end_time":"11:04 PM","address":"Chennai","attandance":"Absent"},
{"id":56,"employee_name":"Bliss","date":"12/12/2022","emp_id":"732-86-6087","start_time":"2:06 AM","end_time":"3:34 AM","address":"Chennai","attandance":"Absent"},
{"id":57,"employee_name":"Taber","date":"9/15/2022","emp_id":"702-03-2838","start_time":"9:10 AM","end_time":"11:34 PM","address":"Chennai","attandance":"Present"},
{"id":58,"employee_name":"Maudie","date":"10/18/2022","emp_id":"419-39-7975","start_time":"1:04 AM","end_time":"6:12 AM","address":"Chennai","attandance":"Present"},
{"id":59,"employee_name":"Roderich","date":"5/18/2022","emp_id":"504-56-2971","start_time":"2:25 PM","end_time":"10:50 PM","address":"Chennai","attandance":"Present"},
{"id":60,"employee_name":"Lola","date":"6/19/2022","emp_id":"397-10-0954","start_time":"4:04 PM","end_time":"10:39 PM","address":"Chennai","attandance":"Absent"},
{"id":61,"employee_name":"Ludvig","date":"12/4/2022","emp_id":"267-16-4153","start_time":"12:52 PM","end_time":"8:50 AM","address":"Chennai","attandance":"Present"},
{"id":62,"employee_name":"Mari","date":"12/27/2022","emp_id":"710-68-6251","start_time":"2:23 AM","end_time":"1:56 PM","address":"Chennai","attandance":"Present"},
{"id":63,"employee_name":"Roosevelt","date":"12/23/2022","emp_id":"498-79-9905","start_time":"12:49 PM","end_time":"8:30 AM","address":"Chennai","attandance":"Present"},
{"id":64,"employee_name":"Torey","date":"8/4/2022","emp_id":"875-12-0231","start_time":"6:26 PM","end_time":"3:27 AM","address":"Chennai","attandance":"Absent"},
{"id":65,"employee_name":"Lewiss","date":"7/30/2022","emp_id":"418-73-3147","start_time":"3:02 AM","end_time":"12:53 PM","address":"Chennai","attandance":"Present"},
{"id":66,"employee_name":"Aldis","date":"5/9/2022","emp_id":"235-29-2151","start_time":"8:23 PM","end_time":"1:04 PM","address":"Chennai","attandance":"Absent"},
{"id":67,"employee_name":"Harlen","date":"12/14/2021","emp_id":"836-99-8348","start_time":"12:06 PM","end_time":"12:18 PM","address":"Chennai","attandance":"Present"},
{"id":68,"employee_name":"Gwen","date":"12/8/2022","emp_id":"155-44-4714","start_time":"4:37 AM","end_time":"11:37 PM","address":"Chennai","attandance":"Present"},
{"id":69,"employee_name":"Kinna","date":"5/5/2022","emp_id":"747-84-5547","start_time":"9:55 PM","end_time":"3:46 AM","address":"Chennai","attandance":"Absent"},
{"id":70,"employee_name":"Harald","date":"3/11/2022","emp_id":"570-53-3576","start_time":"7:13 AM","end_time":"11:41 PM","address":"Chennai","attandance":"Present"},
{"id":71,"employee_name":"Damian","date":"9/12/2022","emp_id":"715-68-6031","start_time":"1:04 AM","end_time":"2:04 PM","address":"Chennai","attandance":"Present"},
{"id":72,"employee_name":"Bernadette","date":"12/10/2021","emp_id":"232-49-4259","start_time":"11:04 PM","end_time":"8:53 AM","address":"Chennai","attandance":"Absent"},
{"id":73,"employee_name":"Staffard","date":"12/31/2021","emp_id":"752-64-3273","start_time":"1:58 PM","end_time":"6:59 AM","address":"Chennai","attandance":"Absent"},
{"id":74,"employee_name":"Jaine","date":"6/27/2022","emp_id":"177-67-3920","start_time":"1:53 AM","end_time":"11:27 AM","address":"Chennai","attandance":"Absent"},
{"id":75,"employee_name":"Leigh","date":"2/15/2022","emp_id":"252-03-1610","start_time":"6:49 AM","end_time":"8:42 PM","address":"Chennai","attandance":"Absent"},
{"id":76,"employee_name":"Clemence","date":"11/20/2022","emp_id":"264-71-0719","start_time":"12:23 AM","end_time":"11:11 AM","address":"Chennai","attandance":"Present"},
{"id":77,"employee_name":"Clemmy","date":"1/24/2022","emp_id":"486-67-4868","start_time":"6:37 PM","end_time":"2:56 AM","address":"Chennai","attandance":"Present"},
{"id":78,"employee_name":"Olivia","date":"7/5/2022","emp_id":"813-58-4995","start_time":"11:50 AM","end_time":"12:30 AM","address":"Chennai","attandance":"Absent"},
{"id":79,"employee_name":"Hercule","date":"3/27/2022","emp_id":"767-60-4552","start_time":"6:54 PM","end_time":"11:19 PM","address":"Chennai","attandance":"Present"},
{"id":80,"employee_name":"Janelle","date":"4/27/2022","emp_id":"428-62-4759","start_time":"3:31 AM","end_time":"3:22 PM","address":"Chennai","attandance":"Present"},
{"id":81,"employee_name":"Curran","date":"11/4/2022","emp_id":"482-43-2887","start_time":"2:14 PM","end_time":"1:04 AM","address":"Chennai","attandance":"Absent"},
{"id":82,"employee_name":"Jenny","date":"4/25/2022","emp_id":"174-68-5453","start_time":"12:03 AM","end_time":"2:57 AM","address":"Chennai","attandance":"Present"},
{"id":83,"employee_name":"Joelynn","date":"5/12/2022","emp_id":"299-40-9049","start_time":"11:37 PM","end_time":"6:48 PM","address":"Chennai","attandance":"Present"},
{"id":84,"employee_name":"Fredrika","date":"12/20/2022","emp_id":"276-98-7911","start_time":"5:01 AM","end_time":"6:22 AM","address":"Chennai","attandance":"Absent"},
{"id":85,"employee_name":"Harlene","date":"12/14/2021","emp_id":"382-22-7553","start_time":"2:03 PM","end_time":"7:07 PM","address":"Chennai","attandance":"Present"},
{"id":86,"employee_name":"Wade","date":"12/13/2022","emp_id":"491-92-7970","start_time":"2:30 AM","end_time":"9:34 PM","address":"Chennai","attandance":"Absent"},
{"id":87,"employee_name":"Gail","date":"4/13/2022","emp_id":"758-92-6320","start_time":"11:24 AM","end_time":"7:53 PM","address":"Chennai","attandance":"Present"},
{"id":88,"employee_name":"Florina","date":"4/9/2022","emp_id":"620-51-8653","start_time":"8:16 AM","end_time":"5:47 PM","address":"Chennai","attandance":"Absent"},
{"id":89,"employee_name":"Belicia","date":"12/30/2022","emp_id":"301-54-6648","start_time":"3:04 PM","end_time":"9:15 AM","address":"Chennai","attandance":"Absent"},
{"id":90,"employee_name":"Annabela","date":"2/19/2022","emp_id":"103-54-6355","start_time":"6:50 AM","end_time":"2:25 PM","address":"Chennai","attandance":"Present"},
{"id":91,"employee_name":"Kare","date":"7/15/2022","emp_id":"614-33-0181","start_time":"3:32 PM","end_time":"5:02 PM","address":"Chennai","attandance":"Absent"},
{"id":92,"employee_name":"Carina","date":"12/4/2021","emp_id":"510-13-3950","start_time":"12:17 AM","end_time":"5:06 AM","address":"Chennai","attandance":"Absent"},
{"id":93,"employee_name":"Jobye","date":"2/24/2022","emp_id":"344-60-9492","start_time":"2:15 PM","end_time":"11:51 AM","address":"Chennai","attandance":"Present"},
{"id":94,"employee_name":"Gaspard","date":"10/18/2022","emp_id":"746-63-0528","start_time":"11:49 AM","end_time":"9:36 PM","address":"Chennai","attandance":"Absent"},
{"id":95,"employee_name":"Ervin","date":"1/20/2022","emp_id":"360-55-3777","start_time":"9:39 AM","end_time":"11:11 PM","address":"Chennai","attandance":"Present"},
{"id":96,"employee_name":"Annabal","date":"9/25/2022","emp_id":"897-75-1946","start_time":"11:53 PM","end_time":"8:50 AM","address":"Chennai","attandance":"Absent"},
{"id":97,"employee_name":"Mikel","date":"12/29/2022","emp_id":"623-61-8167","start_time":"1:00 PM","end_time":"6:51 AM","address":"Chennai","attandance":"Absent"},
{"id":98,"employee_name":"Faun","date":"1/19/2022","emp_id":"817-87-5200","start_time":"12:49 PM","end_time":"9:08 PM","address":"Chennai","attandance":"Absent"},
{"id":99,"employee_name":"Lucio","date":"1/20/2022","emp_id":"610-25-0435","start_time":"12:13 PM","end_time":"5:44 PM","address":"Chennai","attandance":"Absent"},
{"id":100,"employee_name":"Rip","date":"6/26/2022","emp_id":"421-29-9832","start_time":"1:42 AM","end_time":"7:12 AM","address":"Chennai","attandance":"Absent"}]